name,phone_number,email,created_date
Row Mulrenan,3603795628,rmulrenane@indiatimes.com,2023-03-02
Lauren Buff,7112604228,lbuff6@jiathis.com,2023-03-03
Dav Greenset,3186374928,dgreensetg@nymag.com,2023-03-06
Mareah Reide,5955292576,mreidep@blogger.com,2023-03-06
Brunhilda Oxtiby,5026328392,boxtibyk@elegantthemes.com,2023-03-08
Margy Lebond,7718449621,mlebondc@fotki.com,2023-03-09
Anjela Badsey,9665405562,abadseyd@wisc.edu,2023-03-09
Celestyna O'Fearguise,3568836379,cofearguise0@ted.com,2023-03-11
Greg Grzesiak,5765297626,ggrzesiaki@guardian.co.uk,2023-03-11
Elka Legan,8481973347,elegan2@drupal.org,2023-03-12
Broderick Mitchenson,9038384367,bmitchenson8@google.com.hk,2023-03-12
Jeane Dale,6478977259,jdalea@php.net,2023-03-12
Samara Rudloff,4107887948,srudloff1@goodreads.com,2023-03-13
Ashlan Whittlesea,8537335864,awhittleseam@posterous.com,2023-03-13
Amandie Albro,2693962975,aalbroq@canalblog.com,2023-03-13
Cosimo Henrion,8062444828,chenrion3@biglobe.ne.jp,2023-03-15
Valeria Summerill,6143689208,vsummerilln@g.co,2023-03-16
Malinda Gayne,6439600612,mgayne9@slashdot.org,2023-03-18
Diana Terrans,1057628141,dterransf@webnode.com,2023-03-19
Igor Fennelly,1208893403,ifennellyh@canalblog.com,2023-03-21
Tamar Stowe,6787144569,tstowej@de.vu,2023-03-21
Garek Shillabear,7162770746,gshillabeart@studiopress.com,2023-03-22
Syman De Ambrosi,2661987734,sde5@quantcast.com,2023-03-23
Budd Senecaux,2749653237,bsenecaux7@livejournal.com,2023-03-23
Cammy Godly,5783105931,cgodlyb@1688.com,2023-03-24
Elvina Urquhart,8256542417,eurquhartr@gizmodo.com,2023-03-27
Alla Janz,9521999321,ajanzl@parallels.com,2023-03-28
Lanny Fallowfield,7733474397,lfallowfield4@1688.com,2023-03-29
Fidelia Giocannoni,4392294345,fgiocannonio@spotify.com,2023-03-30
Ofelia Sangra,6141241082,osangras@photobucket.com,2023-03-30
